gene,cluster,avg_log2FC
AT5G54370,0,4.74736476722413
AT5G60530,0,4.57527174043687
AT1G50060,0,4.45140057997976
AT3G16440,0,4.21713920502339
AT1G52060,0,4.18498070950459
AT1G52050,0,4.17372555538547
AT1G52070,0,4.08621930629875
AT3G19430,0,4.04423403661153
AT5G35735,0,3.95553814299405
AT5G55110,0,3.6433554578745
AT1G06090,0,3.46252069343773
AT1G15385,0,3.40128558791586
AT3G03500,0,3.32463363615623
AT4G27400,0,3.27428315896601
AT1G22880,0,3.16846682202536
AT2G21610,0,3.10140242109996
AT1G05010,0,3.05039859764862
AT5G24070,0,3.03568502584359
AT5G43580,0,2.89975357710784
AT1G17180,0,2.71544319756287
AT4G08555,0,2.58275893610317
AT3G48340,0,2.56932849024901
AT3G04330,0,2.47891282578192
AT1G25275,0,2.47853740721319
AT5G23210,0,2.46098711224351
AT3G25740,0,2.45395952499641
AT1G05560,0,2.43495596757426
AT1G11260,0,2.39784287308388
AT5G16230,0,2.33748515824043
AT1G12740,0,2.21475803307574
AT1G33280,0,2.02957894387723
AT4G25310,0,2.0125924347257
AT3G23050,0,2.08670048753285
AT1G76680,0,2.17505644022543
AT5G20230,0,2.79784046509275
AT3G56170,0,1.96054434272737
AT1G09070,0,2.06213314731301
AT5G57510,0,1.97049938617108
AT1G35780,0,1.76730002475374
AT1G51470,0,4.89309591052885
AT2G36950,0,1.9450230550284
AT2G43610,0,2.08591215483038
AT3G04320,0,1.78021239479664
AT5G14730,0,2.00038859755982
AT1G76600,0,1.92979895275213
AT1G12780,0,1.79726520346836
AT4G21990,0,1.93229472195505
AT5G04970,0,1.70651765409445
AT4G17940,0,1.94264815773932
AT3G53480,0,1.78771176757675
AT5G48180,0,1.73804168515818
AT3G13435,0,1.91952652343679
AT1G36060,0,2.1944726749602
AT5G64310,0,1.44316417519556
AT4G19030,0,1.93704778720799
AT1G32920,0,1.75441244511187
AT2G40095,0,1.67632475112656
AT3G27880,0,1.63862112713631
AT5G08790,0,1.39963813883194
AT3G07390,0,1.71622619328862
AT5G12870,1,3.94639009694197
AT2G45220,1,2.96433112719698
AT3G49780,1,2.73948981330069
AT5G55180,1,2.37063985458113
AT1G21310,1,2.20533836220885
AT1G20450,1,2.17750789311339
AT3G28740,1,2.15901412495216
AT3G28210,1,2.1202180317686
AT1G53470,1,2.11851131885709
AT5G01380,1,2.11606689996372
AT1G05340,1,2.09051396615759
AT4G34050,1,2.08292190234416
AT4G15610,1,2.07041089964331
AT1G76180,1,2.06839233909149
AT5G62520,1,2.06264648069958
AT3G50970,1,1.96367050542737
AT1G15520,1,1.95109024580236
AT2G32150,1,1.92973153960007
AT2G29440,1,1.91806239238587
AT3G16240,1,1.85905586777842
AT4G01070,1,1.85619156828176
AT5G06300,1,1.83706989246762
AT3G06500,1,1.82557149564168
AT4G36990,1,1.82086120896989
AT2G29450,1,1.81888824763904
AT5G40450,1,1.81471502505626
AT2G25450,1,1.79617761348252
AT1G20440,1,1.77267735413167
AT2G32190,1,1.76112379070793
AT1G55330,1,1.75363034190558
AT5G49450,1,1.74945453065754
AT2G31570,1,1.74219302348781
AT1G62660,1,1.72040952362509
AT4G04610,1,1.71722603763365
AT5G61820,1,1.70968614435786
AT2G22470,1,1.69983755313689
AT5G65207,1,1.69649126320776
AT1G70780,1,1.69283160965282
AT1G79245,1,1.64643267078695
AT4G39090,1,1.62462294487217
AT5G11740,1,1.59987294421234
AT2G20630,1,1.57776937832917
AT4G02380,1,1.57235014958122
AT4G22590,1,1.55983852037034
AT2G32240,1,1.51819323400838
AT3G04730,1,1.49747350277087
AT2G36830,1,1.47765462059177
AT3G06420,1,1.44286834103152
AT5G54940,1,1.3834180750715
AT1G56660,1,1.38338158283883
AT3G56240,1,1.34232920236486
AT4G05320,1,1.32398904659433
AT5G03240,1,1.29465457469513
AT1G09070,1,1.28245532753666
AT4G26080,1,1.62753626466467
AT4G20260,1,1.20043138677389
AT2G23120,1,1.30907087386625
AT2G43150,1,1.51523414424798
AT1G54410,1,1.06699222617319
AT3G13520,1,1.50141421329971
AT2G02130,2,3.83246440904669
AT1G75750,2,3.25663817182458
AT1G12080,2,3.21983990371736
AT4G14130,2,3.19568433085695
AT2G36120,2,3.17369435891253
AT1G62480,2,3.14670019642817
AT2G43910,2,2.72182659621652
AT4G25810,2,2.62283984167883
AT4G26320,2,2.28936558335932
AT1G20823,2,2.24193088041625
AT3G53420,2,2.21604050063719
AT1G48600,2,1.82712600457665
AT1G32100,2,1.67356173996325
AT2G37040,2,2.08170376929379
AT3G16340,2,1.89344476472552
AT2G37170,2,1.95492461608445
AT3G14310,2,1.8974133957779
AT1G20440,2,1.72505786560451
AT3G14990,2,2.05633308567714
AT4G34050,2,1.88499834798065
AT4G22212,2,2.15264014703388
AT5G56540,2,1.59675032429678
AT1G01620,2,1.60366106905238
AT4G31800,2,1.89272509608977
AT2G30860,2,1.79177785715141
AT2G40890,2,1.74453316238092
AT5G25890,2,1.69818069254781
AT3G19450,2,1.55812484128925
AT1G72150,2,1.70702101220852
AT2G36830,2,1.22648769835173
AT5G57110,2,1.59365205018131
AT2G44790,2,1.3782515817323
AT2G30490,2,1.70561115591567
AT2G45820,2,1.54733046890101
AT1G07135,2,1.4929842620972
AT5G57560,2,1.58929919344741
AT4G09030,2,1.45535667883169
AT3G25780,2,1.65114634157367
AT5G53250,2,1.68320463781971
AT1G18270,2,1.48956349768587
AT2G30870,2,1.27773526467858
AT3G23030,2,1.24625171691303
AT4G11280,2,1.54458937457885
AT4G36990,2,1.18800146502695
AT1G55330,2,1.15061043919077
AT1G76180,2,0.86556206827128
AT3G10985,2,1.24801366640035
AT3G13520,2,1.0262967267524
AT5G11670,2,1.39542683378826
AT4G02380,2,1.116957207597
AT1G80840,2,1.30663146379394
AT2G29440,2,1.15509174263383
AT5G59490,2,1.25308871904786
AT5G12140,2,1.35333012710576
AT1G01470,2,1.33738859263814
ATCG01130,2,1.23328691995133
AT2G41100,2,1.34947307146105
AT4G23100,2,1.30592687701113
AT2G40140,2,1.28007163255656
AT3G57450,2,1.31901388296095
AT5G51890,3,4.43684643421962
AT4G35350,3,3.89362040399106
AT5G60020,3,3.67949075973171
AT5G03260,3,3.64346091651141
AT3G16920,3,3.50404053630791
AT1G02335,3,3.39348512581185
AT4G18780,3,3.30513984683857
AT1G63120,3,3.27478577806777
AT2G38080,3,3.27072490093245
AT1G75280,3,3.27044815128175
AT3G27200,3,3.09361269210389
AT2G27740,3,3.0819096062943
AT4G27435,3,2.822560877926
AT1G24030,3,2.60081912982361
AT5G15630,3,2.34964734848404
AT1G20850,3,4.29531972275671
AT5G44030,3,3.51996486870272
AT1G32100,3,3.3914628003461
AT2G28315,3,2.88149173695351
AT1G19300,3,2.7675523164936
AT5G16490,3,2.66001708469614
AT5G54690,3,2.54246685796514
AT5G60720,3,2.51507408332679
AT3G62020,3,3.14371857143608
AT2G34790,3,2.90045614415052
AT3G54040,3,2.54653229428507
AT5G04200,3,2.68538006281105
AT3G56240,3,3.49938046014312
AT1G71930,3,4.41807753617778
AT2G37090,3,2.65549422637671
AT1G12780,3,2.74872971527186
AT3G55990,3,2.64528691238035
AT5G17420,3,2.76309111734731
AT5G42710,3,2.30713473262567
AT4G12910,3,2.72472671485119
AT5G15490,3,3.0659106640479
AT1G06090,3,2.50546527427497
AT5G59290,3,3.0177952873193
AT2G38320,3,1.99089516153811
AT3G53620,3,2.86720016853815
AT1G26820,3,1.97405307107442
AT4G09990,3,2.51143183612546
AT2G28760,3,2.99643928964212
AT5G56540,3,2.816355008029
AT3G45010,3,2.4396827139818
AT3G53350,3,2.06358285703971
AT2G17710,3,2.18369294223847
AT1G08340,3,2.12330835783227
AT2G47500,3,2.34787015398845
AT1G30900,3,1.94196686518054
AT3G56170,3,2.02148568201815
AthLNC019942,3,2.05920063573542
AT2G16720,3,2.06375682020216
AT1G62990,3,1.90651649265683
AthLNC014657,3,2.54921703177755
AT3G27960,3,1.82755331944936
AT5G07220,3,2.00303303554389
AT3G13520,3,2.12345212837123
AthLNC005729,3,2.27689702929311
AT1G63300,3,1.68050206634262
AT1G05260,4,4.44080679706255
AT3G22600,4,4.38925355151059
AT2G36100,4,4.12697815371007
AT3G22620,4,3.92333472357072
AT5G42180,4,3.78339200553165
AT2G28670,4,3.6657394005225
AT4G11290,4,3.58731006642604
AT2G32300,4,3.53545205387198
AT2G14900,4,3.49162448886742
AT2G27370,4,3.38912024528672
AT2G37170,4,3.26910202634081
AT4G26320,4,3.19812057492813
AT2G37180,4,2.86433967844138
AT5G57620,4,2.79848301243057
AT3G32980,4,2.74899961562845
AT4G08770,4,2.41736999354766
AT1G75750,4,3.67431320283506
AT5G66390,4,3.49918708693809
AT2G36830,4,2.67729099392484
AT2G44790,4,2.70799947630855
AT3G53420,4,2.53599539455686
AT5G40450,4,2.33034069715822
AT1G55330,4,2.52767242882122
AT3G61430,4,2.44591534401345
AT1G62480,4,2.63035850675742
AT3G13520,4,2.20437860978613
AT3G19450,4,2.73653795445081
AT3G56240,4,2.26425092750773
AT4G34050,4,2.10884970047793
AT4G12520,4,2.01515318706287
AT2G43150,4,2.00267079344489
AT2G37040,4,1.87292531325282
AT4G13340,4,1.76086466457532
AT1G01620,4,1.76333184363923
AT5G01600,4,1.81775118395245
AT5G41790,4,1.55178213457001
AT5G65390,4,1.76983752830656
AT2G45960,4,1.77733559194237
AT3G16240,4,1.61164780047556
AT4G20260,4,1.30076338958608
AT4G12510,4,1.71732654490874
AT5G57560,4,1.78177091315047
AT5G56540,4,1.3941734907717
AT3G14990,4,1.69744559805086
AT3G22830,4,1.49082497039184
AT2G40890,4,1.53480442234628
AT2G45820,4,1.49326722755185
AT1G11580,4,1.55258613605929
AT1G52760,4,1.49970348113471
AT1G12090,4,1.36108860449311
AT5G54160,4,1.56313839866782
AT5G46890,4,1.25464292425201
AT3G26520,4,1.52766098268979
AT5G24580,4,1.49891219487233
AT5G10430,4,1.4400213972265
AT1G72150,4,1.16516241603391
AT4G31800,4,1.5410688233862
AT2G16720,4,1.36817222503786
AT2G30490,4,1.13566519467244
AT5G53250,4,1.17702315157036
